n,source,target,time_dijkstra (seconds),dist_dijkstra (euclidean_distance),time_turbo (seconds),dist_turbo (euclidean_distance),ok_same_distance,graph_size,graph_id,seed
100,41,35,0.00033459998667240143,1.16038966070760274363,0.00758060003863647580,1.16038966070760274363,True,100,0,2026
100,12,43,0.00027379998937249184,0.97240626611439306970,0.00542920001316815615,0.97240626611439306970,True,100,1,2027
100,83,37,0.00032369996188208461,1.14167714142071163863,0.00555910001276060939,1.14167714142071163863,True,100,2,2028
100,8,78,0.00028440001187846065,0.76902383738263091484,0.00501070002792403102,0.76902383738263091484,True,100,3,2029
100,56,5,0.00030380004318431020,1.02455795317338171913,0.00562980002723634243,1.02455795317338171913,True,100,4,2030
100,54,32,0.00029830000130459666,1.03488502359880052417,0.00520280003547668457,1.03488502359880052417,True,100,5,2031
100,27,7,0.00026719999732449651,1.01052092841731644413,0.00526130001526325941,1.01052092841731644413,True,100,6,2032
100,34,39,0.00029659998835995793,0.77836318552882566291,0.00506900000618770719,0.77836318552882566291,True,100,7,2033
100,68,60,0.00030780001543462276,1.35448474263002238693,0.00504610000643879175,1.35448474263002238693,True,100,8,2034
100,75,66,0.00032470002770423889,0.84379945291710489741,0.00574150000466033816,0.84379945291710489741,True,100,9,2035
100,24,75,0.00027670001145452261,0.96543486802787326084,0.00503080000635236502,0.96543486802787326084,True,100,10,2036
100,0,2,0.00032729998929426074,0.85412183117807471966,0.00553219998255372047,0.85412183117807471966,True,100,11,2037
100,96,51,0.00029799999902024865,0.97005112398677428853,0.00510720000602304935,0.97005112398677428853,True,100,12,2038
100,98,15,0.00030610000248998404,1.05324515539551666343,0.00652629998512566090,1.05324515539551666343,True,100,13,2039
100,73,14,0.00030380004318431020,0.97830648299098832421,0.00516650005010887980,0.97830648299098832421,True,100,14,2040
100,23,57,0.00029100000392645597,0.98878819954997432262,0.00543950003338977695,0.98878819954997432262,True,100,15,2041
100,92,11,0.00031150004360824823,1.10740931543967602302,0.00510519999079406261,1.10740931543967602302,True,100,16,2042
100,48,90,0.00027990003582090139,0.88837065957783034609,0.00583919999189674854,0.88837065957783034609,True,100,17,2043
100,14,17,0.00029110000468790531,0.73148100261885273810,0.00509320001583546400,0.73148100261885273810,True,100,18,2044
100,55,88,0.00029609998455271125,0.97295327661820096843,0.00734870001906529069,0.97295327661820096843,True,100,19,2045
100,17,9,0.00032859999919310212,0.72414166507928701133,0.00517880002735182643,0.72414166507928701133,True,100,20,2046
100,18,6,0.00082489999476820230,0.83707522838462677939,0.00649300002260133624,0.83707522838462677939,True,100,21,2047
100,95,78,0.00027910002972930670,0.95598752972777045755,0.00501489994348958135,0.95598752972777045755,True,100,22,2048
100,69,56,0.00028290000045672059,0.99477970305411778096,0.00649339996743947268,0.99477970305411778096,True,100,23,2049
100,51,1,0.00031929998658597469,0.85783646750597275510,0.00513920001685619354,0.85783646750597275510,True,100,24,2050
100,68,11,0.00029890000587329268,0.74524966461079422686,0.00635789998341351748,0.74524966461079422686,True,100,25,2051
100,25,75,0.00030039995908737183,0.96730169302781898732,0.00506600004155188799,0.96730169302781898732,True,100,26,2052
100,98,59,0.00029419997008517385,1.12384072584671779182,0.00628919998416677117,1.12384072584671779182,True,100,27,2053
100,73,4,0.00030569999944418669,0.77689392448603189489,0.00514859997201710939,0.77689392448603189489,True,100,28,2054
100,46,25,0.00029310001991689205,0.86769642080996922662,0.00570159999188035727,0.86769642080996922662,True,100,29,2055
100,30,22,0.00028939999174326658,1.16915090029793855564,0.00515199999790638685,1.16915090029793855564,True,100,30,2056
100,84,88,0.00029190001077950001,1.02866455361072062225,0.00628819997655227780,1.02866455361072062225,True,100,31,2057
100,31,6,0.00030529999639838934,0.71927763843970327073,0.00521339999977499247,0.71927763843970327073,True,100,32,2058
100,91,89,0.00028699997346848249,1.01193347268722999566,0.00631879997672513127,1.01193347268722999566,True,100,33,2059
100,51,48,0.00030139996670186520,0.76024168282944459829,0.00517160003073513508,0.76024168282944459829,True,100,34,2060
100,36,25,0.00028710003243759274,0.91173666003620090770,0.00550109997857362032,0.91173666003620090770,True,100,35,2061
100,59,52,0.00036149995867162943,0.82624845160780724385,0.00580630003241822124,0.82624845160780724385,True,100,36,2062
100,46,47,0.00031480001052841544,0.99026909663037765430,0.00528899999335408211,0.99026909663037765430,True,100,37,2063
100,14,27,0.00030830001924186945,1.12645482846235944763,0.00522089999867603183,1.12645482846235944763,True,100,38,2064
100,17,64,0.00037319998955354095,1.06566140678622556237,0.00567649997537955642,1.06566140678622556237,True,100,39,2065
100,84,61,0.00037030002567917109,1.06742175029176378231,0.00667879998218268156,1.06742175029176378231,True,100,40,2066
100,10,27,0.00029270001687109470,1.24227024374290651032,0.00601329997880384326,1.24227024374290651032,True,100,41,2067
100,1,73,0.00033159996382892132,1.05338073419648248219,0.00572260003536939621,1.05338073419648248219,True,100,42,2068
100,32,45,0.00033200002508237958,0.73934210737608707653,0.00585279997903853655,0.73934210737608707653,True,100,43,2069
100,88,52,0.00029900000663474202,1.04285248926880957931,0.00555120001081377268,1.04285248926880957931,True,100,44,2070
100,47,90,0.00030640000477433205,1.32845025077410583414,0.00697340001352131367,1.32845025077410583414,True,100,45,2071
100,97,23,0.00035220000427216291,0.97520534334489328288,0.00565189996268600225,0.97520534334489328288,True,100,46,2072
100,80,83,0.00031969998963177204,0.69263810941489611928,0.00630319997435435653,0.69263810941489611928,True,100,47,2073
100,63,94,0.00030349998269230127,0.79844604504230409781,0.00563969998620450497,0.79844604504230409781,True,100,48,2074
100,22,41,0.00029769999673590064,0.92560459967078501098,0.00645910005550831556,0.92560459967078501098,True,100,49,2075
500,400,302,0.00226949999341741204,1.13310897133302423967,0.03724729997338727117,1.13310897133302423967,True,500,0,2076
500,174,359,0.00194949994329363108,0.86055378465695386847,0.03130790003342553973,0.86055378465695386847,True,500,1,2077
500,462,184,0.00218239997047930956,0.82095746295128346759,0.03146199998445808887,0.82095746295128346759,True,500,2,2078
500,365,112,0.00199790002079680562,1.22725851915075789833,0.03217359998961910605,1.22725851915075789833,True,500,3,2079
500,455,403,0.00200679997215047479,1.26320417642333415742,0.03326460003154352307,1.26320417642333415742,True,500,4,2080
500,19,245,0.00196520000463351607,1.05164918373012805652,0.03165640000952407718,1.05164918373012805652,True,500,5,2081
500,28,411,0.00189479999244213104,0.79618708172637076004,0.03304730000672861934,0.79618708172637076004,True,500,6,2082
500,139,71,0.00257800001418218017,1.10198471713770973501,0.03146189998369663954,1.10198471713770973501,True,500,7,2083
500,68,112,0.00191939994692802429,0.94704824958933819801,0.03314210003009065986,0.94704824958933819801,True,500,8,2084
500,67,386,0.00199889997020363808,1.25658040685443150863,0.03191289998358115554,1.25658040685443150863,True,500,9,2085
500,78,184,0.00202640000497922301,1.29407907925021525841,0.03233190003084018826,1.29407907925021525841,True,500,10,2086
500,485,464,0.00199260003864765167,1.05309927986991769266,0.03231029998278245330,1.05309927986991769266,True,500,11,2087
500,260,492,0.00201340002240613103,0.78948128781535142906,0.03278329997556284070,0.78948128781535142906,True,500,12,2088
500,160,394,0.00203690002672374249,1.07798242838042690472,0.03176129999337717891,1.07798242838042690472,True,500,13,2089
500,170,454,0.00266440003179013729,1.16050114954623828645,0.03199439996387809515,1.16050114954623828645,True,500,14,2090
500,286,459,0.00191670004278421402,0.83637529010870936830,0.03186899999855086207,0.83637529010870936830,True,500,15,2091
500,303,128,0.00196969998069107533,1.07866116767619990569,0.03251630003796890378,1.07866116767619990569,True,500,16,2092
500,210,342,0.00197609997121617198,1.01214356703147911887,0.03147220000391826034,1.01214356703147911887,True,500,17,2093
500,357,420,0.00203729997156187892,1.07377966598352236893,0.03243900003144517541,1.07377966598352236893,True,500,18,2094
500,160,155,0.00206110003637149930,0.86066054440343120469,0.03222379996441304684,0.86066054440343120469,True,500,19,2095
500,345,390,0.00201960001140832901,1.13929685388278545410,0.03228749998379498720,1.13929685388278545410,True,500,20,2096
500,423,366,0.00348069996107369661,0.82463155343096006256,0.03497300000162795186,0.82463155343096006256,True,500,21,2097
500,429,317,0.00208329997258260846,1.22611817054457294951,0.03313350002281367779,1.22611817054457294951,True,500,22,2098
500,458,404,0.00201679999008774757,1.05250789994122961879,0.03213020000839605927,1.05250789994122961879,True,500,23,2099
500,488,479,0.00203589996090158820,1.04153187010046299754,0.03315720002865418792,1.04153187010046299754,True,500,24,2100
500,441,205,0.00200770003721117973,0.85099906860104423956,0.03375669999513775110,0.85099906860104423956,True,500,25,2101
500,97,81,0.00198190001538023353,0.83073801758256571315,0.03578369994647800922,0.83073801758256571315,True,500,26,2102
500,0,472,0.00200530001893639565,0.89261579167418458880,0.03243959997780621052,0.89261579167418458880,True,500,27,2103
500,421,309,0.00198180001461878419,0.85823594204951048070,0.03352250001626089215,0.85823594204951048070,True,500,28,2104
500,251,9,0.00298130000010132790,0.77484627369838343647,0.04586610000114887953,0.77484627369838343647,True,500,29,2105
500,331,332,0.00277560000540688634,0.92392451493534899498,0.04962830001022666693,0.92392451493534899498,True,500,30,2106
500,91,355,0.00290040002437308431,1.09426912337711468304,0.04191570001421496272,1.09426912337711468304,True,500,31,2107
500,415,212,0.00546130002476274967,1.22131602876965095206,0.08828650001669302583,1.22131602876965095206,True,500,32,2108
500,86,130,0.00233289995230734348,1.02047782604556913633,0.04136110004037618637,1.02047782604556913633,True,500,33,2109
500,334,166,0.00445659999968484044,0.93366656625635457978,0.04377340001519769430,0.93366656625635457978,True,500,34,2110
500,498,130,0.00244999997084960341,0.90295684874257520214,0.05822090001311153173,0.90295684874257520214,True,500,35,2111
500,324,240,0.00255949998972937465,1.07287982291383943156,0.03905819996725767851,1.07287982291383943156,True,500,36,2112
500,343,404,0.00319319998379796743,1.12120208259455989008,0.04095100000267848372,1.12120208259455989008,True,500,37,2113
500,390,105,0.00225070002488791943,0.76714979543353978286,0.04054189997259527445,0.76714979543353978286,True,500,38,2114
500,481,410,0.00411000003805384040,0.93600864156046093001,0.04118229995947331190,0.93600864156046093001,True,500,39,2115
500,454,188,0.00279940001200884581,0.80377856500406519302,0.04609339998569339514,0.80377856500406519302,True,500,40,2116
500,45,132,0.00512749998597428203,1.23648686604601154571,0.04063410003436729312,1.23648686604601154571,True,500,41,2117
500,1,56,0.00271100003737956285,1.18743146821190093121,0.04431490000570192933,1.18743146821190093121,True,500,42,2118
500,2,285,0.00450849998742341995,0.89026639895085990517,0.03517570003168657422,0.89026639895085990517,True,500,43,2119
500,328,280,0.00189139996655285358,0.88711527642510890068,0.03272499999729916453,0.88711527642510890068,True,500,44,2120
500,397,292,0.00194459996419027448,0.83854181413218531471,0.03282260004198178649,0.83854181413218531471,True,500,45,2121
500,121,450,0.00218329997733235359,0.96702695283860606867,0.03301369998371228576,0.96702695283860606867,True,500,46,2122
500,322,434,0.00216809997800737619,1.03770288746003958025,0.03258559998357668519,1.03770288746003958025,True,500,47,2123
500,362,14,0.00198739999905228615,1.09983646517007205290,0.03263140004128217697,1.09983646517007205290,True,500,48,2124
500,268,308,0.00195250002434477210,1.00226969892482808966,0.03370209998684003949,1.00226969892482808966,True,500,49,2125
1000,549,67,0.00435170001583173871,0.74788293952066520198,0.11451099999248981476,0.74788293952066520198,True,1000,0,2126
1000,441,844,0.00629960000514984131,0.99403821788066526466,0.11797379999188706279,0.99403821788066526466,True,1000,1,2127
1000,691,218,0.00649759999942034483,0.89453670976113808244,0.07854279997991397977,0.89453670976113808244,True,1000,2,2128
1000,141,664,0.00583680003182962537,0.91497443662931421393,0.06557320000138133764,0.91497443662931421393,True,1000,3,2129
1000,472,588,0.00662599998759105802,1.23918759109064113844,0.06767779996152967215,1.23918759109064113844,True,1000,4,2130
1000,128,367,0.00565270002698525786,1.18307562203181637628,0.06800669996300712228,1.18307562203181637628,True,1000,5,2131
1000,512,84,0.00650239997776225209,1.13303860425463853723,0.06294809997780248523,1.13303860425463853723,True,1000,6,2132
1000,611,404,0.00851260003400966525,1.20256085165563275652,0.06863809999777004123,1.20256085165563275652,True,1000,7,2133
1000,394,622,0.00621100002899765968,0.89719125716140424309,0.06687870004680007696,0.89719125716140424309,True,1000,8,2134
1000,524,764,0.00695700000505894423,0.84764209902161868904,0.06973909999942407012,0.84764209902161868904,True,1000,9,2135
1000,449,686,0.00494639994576573372,1.29984231213091416812,0.06087370001478120685,1.29984231213091416812,True,1000,10,2136
1000,996,976,0.00452010001754388213,1.00620420851657121908,0.05759260000195354223,1.00620420851657121908,True,1000,11,2137
1000,290,708,0.00627459998941048980,1.03286216148293763517,0.05735960003221407533,1.03286216148293763517,True,1000,12,2138
1000,770,841,0.00556150003103539348,0.74427232302248791385,0.05623290000949054956,0.74427232302248791385,True,1000,13,2139
1000,804,870,0.00475570000708103180,0.89043459744772979203,0.05652410001493990421,0.89043459744772979203,True,1000,14,2140
1000,729,655,0.00483589997747913003,1.18115757619082195617,0.08855939999921247363,1.18115757619082195617,True,1000,15,2141
1000,838,720,0.00472650001756846905,1.04384487249104185302,0.05636930000036954880,1.04384487249104185302,True,1000,16,2142
1000,564,949,0.00506669998867437243,1.25057439476702425551,0.05975860002217814326,1.25057439476702425551,True,1000,17,2143
1000,64,632,0.00473069999134168029,0.93062804780764984969,0.05661339999642223120,0.93062804780764984969,True,1000,18,2144
1000,914,226,0.00436700001591816545,0.78343444839753217934,0.06011369999032467604,0.78343444839753217934,True,1000,19,2145
1000,714,357,0.00584140000864863396,1.05130016124493019802,0.05800049996469169855,1.05130016124493019802,True,1000,20,2146
1000,908,920,0.00616920000175014138,0.99238540393523566596,0.05623390001710504293,0.99238540393523566596,True,1000,21,2147
1000,572,321,0.00657269998919218779,1.10621198012156995993,0.05508419999387115240,1.10621198012156995993,True,1000,22,2148
1000,26,207,0.00504999997792765498,1.09325817521545465283,0.05880220001563429832,1.09325817521545465283,True,1000,23,2149
1000,673,729,0.00437929999316111207,1.04620684739411906605,0.06177880003815516829,1.04620684739411906605,True,1000,24,2150
1000,761,996,0.00438409997150301933,0.88916333474913522572,0.05741870001656934619,0.88916333474913522572,True,1000,25,2151
1000,256,844,0.00597379996906965971,1.14482166201266721828,0.05867070000385865569,1.14482166201266721828,True,1000,26,2152
1000,490,767,0.00455690000671893358,1.15630661888015406902,0.05876949999947100878,1.15630661888015406902,True,1000,27,2153
1000,587,832,0.00469770003110170364,1.01610511517364443534,0.05899959994712844491,1.01610511517364443534,True,1000,28,2154
1000,918,429,0.00661589996889233589,1.08555763175684183430,0.05808240000624209642,1.08555763175684183430,True,1000,29,2155
1000,918,775,0.00470279995352029800,1.08928275032032972902,0.09344440000131726265,1.08928275032032972902,True,1000,30,2156
1000,869,935,0.00462250004056841135,1.15226813188533450116,0.05829259997699409723,1.15226813188533450116,True,1000,31,2157
1000,954,426,0.00518800003919750452,1.22282082065572006435,0.05922150000697001815,1.22282082065572006435,True,1000,32,2158
1000,897,647,0.00625669996952638030,1.25225836892840880488,0.05558460002066567540,1.25225836892840880488,True,1000,33,2159
1000,345,417,0.00495040003443136811,1.12807357210065561937,0.05841579998377710581,1.12807357210065561937,True,1000,34,2160
1000,346,238,0.00494140002410858870,1.09655424391669664708,0.06001889996696263552,1.09655424391669664708,True,1000,35,2161
1000,462,49,0.00468190002720803022,1.08598423217771555827,0.05887459998484700918,1.08598423217771555827,True,1000,36,2162
1000,317,828,0.00513820000924170017,0.94404579729837645452,0.06104429997503757477,0.94404579729837645452,True,1000,37,2163
1000,857,439,0.00457410002127289772,1.05341031665079620794,0.05939359997864812613,1.05341031665079620794,True,1000,38,2164
1000,30,813,0.00465419999090954661,1.14293232062883176603,0.06149069999810308218,1.14293232062883176603,True,1000,39,2165
1000,959,507,0.00610679999226704240,1.19284822343765606334,0.06142550002550706267,1.19284822343765606334,True,1000,40,2166
1000,183,188,0.00457250000908970833,0.95975662236850567410,0.06054599996423348784,0.95975662236850567410,True,1000,41,2167
1000,692,134,0.00548950000666081905,0.98088126454512702956,0.05978769995272159576,0.98088126454512702956,True,1000,42,2168
1000,816,546,0.00616769999032840133,1.21467068738627492763,0.05860670004040002823,1.21467068738627492763,True,1000,43,2169
1000,407,577,0.00488759996369481087,1.18285097450093834581,0.06233310000970959663,1.18285097450093834581,True,1000,44,2170
1000,119,812,0.00469769997289404273,0.98518689232596035055,0.09042179997777566314,0.98518689232596035055,True,1000,45,2171
1000,914,0,0.00601529999403283000,1.27198178977135878398,0.05926050001289695501,1.27198178977135878398,True,1000,46,2172
1000,883,953,0.00491929997224360704,1.07920798949696328251,0.05904270004248246551,1.07920798949696328251,True,1000,47,2173
1000,121,276,0.00469370000064373016,0.94831760522310470929,0.06127390003530308604,0.94831760522310470929,True,1000,48,2174
1000,886,606,0.00520840001991018653,0.86943447936236728513,0.05874649999896064401,0.86943447936236728513,True,1000,49,2175
